{"size":{"x":1.600000023841858,"y":1.600000023841858,"z":1.600000023841858},"speed":11.0,"health":95}